gram	label
a la carte	food
accessible	food
accompaniment	food
acerbic	food
acidulated	food
acrid	food
addictive	food
additives	food
adjustment	food
aficionado	food
alcoholic	food
aliment	food
all natural	food
allergy	food
alternative	food
ambiance	food
ample	food
anchovies	food
appeal	food
appetite	food
appliance	food
aroma	food
arrangement	food
artisan	food
artistic	food
arugula	food
assortment	food
atmosphere	food
attractive	food
availability	food
balance	food
balsamic	food
barbecue	food
basics	food
baste	food
batter	food
beans	food
beets	food
beverage	food
bitterness	food
blend	food
bonbon	food
bountiful	food
bouquet	food
braise	food
brazier	food
brew	food
buffet	food
cabbage	food
calorie	food
carbohydrate	food
carcinogen	food
carnivore	food
casserole	food
cast iron	food
caterer	food
celery	food
chef	food
chewy	food
chicken	food
chicory	food
chipotle	food
chips	food
chocolate	food
chocolatier	food
choice	food
cholesterol	food
chop	food
chow	food
churn	food
chutney	food
classic	food
clean	food
cleaver	food
cocoa	food
coffee	food
color	food
combination	food
comestible	food
comfort food	food
complementary	food
complimentary	food
compote	food
compromise	food
condiment	food
confection	food
confection	food
confectionary	food
connoisseur	food
consistency	food
consume	food
consumer	food
content	food
convenience	food
cooked	food
cooking	food
crackers	food
creative	food
cress	food
crop	food
crop failure	food
croutons	food
crunchy	food
cucumbers	food
cuisine	food
culinary	food
cultural	food
curd	food
curdle	food
curiosity	food
customs	food
cutlery	food
cutting board	food
dairy	food
de-vein	food
decanter	food
degrees	food
delectable	food
delicious	food
desiccate	food
dessert	food
devour	food
diary	food
diet	food
dietary	food
digestible	food
discoloration	food
distillery	food
dominate	food
douse	food
drizzle	food
eatery	food
economical	food
edible	food
effervescent	food
eggs	food
elasticity	food
elixir	food
endive	food
energy	food
enjoyment	food
enthusiast	food
entree	food
environment-friendly	food
enzyme	food
exceptional	food
expand	food
experiment	food
espresso	food
famine	food
fare	food
farm-fresh	food
farmer	food
fast food	food
favorites	food
feast	food
filtered	food
fish	food
fizz	food
flagon	food
flake	food
flapjack	food
flavorful	food
flavoring	food
fluffy	food
focus	food
fodder	food
folate	food
fortifying	food
fowl	food
fragrant	food
fresh	food
frozen	food
fruit	food
fusion	food
gadget	food
garden fresh	food
garnish	food
gastric	food
gastro-tourism	food
gastronomy	food
gelato	food
gizmo	food
gluten	food
goblet	food
gorge	food
gourmet	food
grains	food
granulate	food
grate	food
greens	food
grill	food
guest	food
guide	food
habits	food
haggis	food
ham	food
harvest	food
haute cuisine	food
healthy	food
hearty	food
heat	food
high-quality	food
home economics	food
homemade	food
hunger	food
identification	food
imbibe	food
impact	food
importance	food
imported	food
improvement	food
incorporate	food
indigestion	food
industry	food
inexpensive	food
influenced	food
ingredient	food
innovative	food
insatiable	food
interchangeable	food
irresistible	food
jigger	food
juicy	food
julienne	food
junk food	food
keen	food
kitchen	food
kosher	food
ladle	food
larder	food
lavish	food
leavening	food
leftover	food
legendary	food
legume	food
lettuce	food
life style	food
liquor	food
local	food
low fat	food
mandolin	food
marinade	food
marinate	food
market	food
meal	food
meat	food
medicinal	food
memorable	food
menu	food
meringue	food
microwave	food
milk	food
mince	food
mincemeat	food
mixture	food
mouthwatering	food
munch	food
mustard	food
natural	food
needs	food
neutralize	food
nibble	food
nonstick	food
nourish	food
nourishment	food
nutriment	food
nutrition	food
nuts	food
odor	food
odoriferous	food
onions	food
option	food
organic	food
overcook	food
overshadow	food
packaging	food
palate	food
panache	food
pantry	food
parfait	food
pasta	food
pasteurize	food
pastry	food
pectin	food
peeler	food
pepper	food
peppery	food
percolate	food
pilsner	food
placebo	food
platter	food
pop	food
portion	food
potable	food
potion	food
preference	food
premium	food
preparation	food
presentation	food
preservative	food
prime	food
process	food
processed	food
produce	food
production	food
provision	food
purveyor	food
putrid	food
quality	food
quantity	food
quart	food
quiche	food
quick	food
quinoa	food
radish	food
ramekin	food
rating	food
ravenous	food
raw	food
reaction	food
recipe	food
recommendation	food
refined	food
refreshing	food
regimen	food
regulatory	food
reheat	food
reliability	food
religion	food
relish	food
research	food
reservation	food
restaurant	food
restaurateur	food
rich	food
ripe	food
roasted	food
salivate	food
salsa	food
salty	food
salver	food
sample	food
satiated	food
satisfied	food
saturate	food
sauce	food
saute	food
savory	food
scour	food
scrumptious	food
seafood	food
seasonal	food
seasoning	food
selection	food
senses	food
serrated	food
service	food
shortage	food
shortening	food
sieve	food
silicone spatula	food
simmer	food
skewer	food
skillet	food
slice	food
slow-roast	food
slurp	food
smoky	food
snacks	food
soft drink	food
sommelier	food
sophistication	food
soul satisfying	food
sour	food
sous-chef	food
spatula	food
special	food
specialty	food
spice	food
spinach	food
sprinkle	food
stale	food
starvation	food
statin	food
steam	food
sticky	food
storage	food
store-bought	food
strong	food
substitute	food
succulent	food
supermarket	food
supplements	food
supplies	food
supply	food
sustenance	food
sweet	food
tangy	food
tapas	food
tart	food
taste	food
taste buds	food
tasteless	food
tasty	food
tea	food
temperature	food
texture	food
thermometer	food
thermos	food
thickener	food
timer	food
tomato	food
tongs	food
toppings	food
toss	food
tour de force	food
toxic	food
traditional	food
trend	food
trifle	food
trivet	food
truffle	food
truss	food
undercook	food
ungreased	food
uniformity	food
unique	food
unmold	food
upgrade	food
upscale	food
utensil	food
value	food
variation	food
variety	food
vascular	food
vegetable	food
venue	food
viand	food
victuals	food
vinegar	food
vintner	food
vitamins	food
wafer	food
wassail	food
wedge	food
weight	food
whisk	food
wine	food
yogurt	food
yummy	food
zanthrophylls	food
zest	food
zester	food
zip	food
zucchini	food
